{
  "IgA": 1.259999990463257,
  "IgG": 16.69000053405762,
  "IgM": 1.389999985694885,
  "IgE": 62.0,
  "Albumin": 42.90000152587891,
  "ALP": 103.8000030517578,
  "ALT": 21.5,
  "AST": 37.88000106811523,
  "LDH": 201.6999969482422,
  "Prealbumin": 218.1000061035156,
  "RBP": 30.10000038146973,
  "Total bile acids": 6.0,
  "Triglycerides": 0.6600000262260437,
  "Total protein": 75.30999755859375,
  "mAST": 6.099999904632568,
  "GLDH": 3.980000019073486,
  "A G ratio": 1.320000052452087,
  "Globulin": 32.40999984741211,
  "Total cholesterol": 3.880000352859497,
  "EGFR": 107.0,
  "IL10": 2.196000099182129,
  "IL4": 2.196000099182129,
  "IL5": 2.196000099182129,
  "IL8": 7.609999656677246,
  "IFN gamma": 6.070000171661377,
  "IL1 beta": 2.196000099182129,
  "IL6": 2.196000099182129,
  "IL17": 2.196000099182129,
  "IL2": 2.196000099182129,
  "Total T lymphocytes": 69.93000030517578,
  "CD4 T cells": 49.40000152587891,
  "CD8 T cells": 16.07999992370605,
  "Total B lymphocytes": 23.79000091552734,
  "NK cells": 6.090000152587891,
  "CD29+ helper T cells": 32.15000152587891,
  "Early activated T cells": 1.299999952316284,
  "Regulatory T cells": 11.02999973297119,
  "CD8 CD28+": 9.482000350952148,
  "CD8+CD25+/CD8+%": 0.8219999074935913,
  "Treg cells%": 8.368000030517578,
  "CD4 count": 594.6319580078125,
  "CD8 count": 214.3999938964844,
  "CD19 count": 244.6000061035156,
  "NK count": 168.3999938964844,
  "CD3 count": 875.7999877929688,
  "CD4+ memory T cell%": 79.58599853515625,
  "CD8+ memory T cell%": 48.97800445556641,
  "CD4+ naive T cell%": 25.36199951171875,
  "CD8+ naive T cell%": 37.37599945068359,
  "CD3+ HLA+ DR+": 5.624000072479248,
  "VitA": 1.043999910354614,
  "VitB1": 71.47000122070312,
  "VitB2": 252.9619903564453,
  "VitB6": 23.55799865722656,
  "VitC": 44.08000183105469,
  "VitE": 11.7859992980957,
  "SCCA": 0.7799999713897705,
  "CA724": 3.540000200271606,
  "NSE": 9.970000267028809,
  "CYFRA21 1": 2.907999992370605,
  "CA242": 4.170000076293945,
  "CA50": 1.899999976158142,
  "CA199": 2.799999952316284,
  "CEA": 0.6299999952316284,
  "AFP": 3.759999752044678,
  "CA153": 6.5,
  "CA125": 4.800000190734863,
  "WBC": 3.619999647140503,
  "RBC": 3.990000247955322,
  "Neutrophil%": 47.59999847412109,
  "Hemoglobin": 119.0,
  "Lymphocyte%": 30.89999961853027,
  "Hematocrit": 36.29999923706055,
  "Monocyte%": 13.82499980926514,
  "MCV": 91.0,
  "MCH": 29.79999923706055,
  "Neutrophil absolute": 1.720000028610229,
  "RDW CV": 12.30000019073486,
  "Lymphocyte absolute": 1.120000004768372,
  "Platelet count": 182.0,
  "Monocyte absolute": 0.5099999904632568,
  "MPV": 10.10000038146973,
  "Plateletcrit": 0.1800000071525574,
  "PDW": 10.89999961853027,
  "MCHC": 328.0,
  "CRP": 27.5,
  "Iron": 7.619999885559082,
  "Reticulocyte%": 1.337999939918518,
  "Age": 57,
  "BMI": 22.47658729553223,
  "Ki67": 90,
  "IL12 p70": 2.196,
  "IFN alpha": 2.196,
  "TNF alpha": 2.196,
  "Sex": "Female",
  "T stage": 3,
  "N stage": 0,
  "Tumor size": 3.0,
  "Tumor volume": 7.5,
  "Differentiation grade": 3,
  "Vascular invasion": 0,
  "Perineural invasion": 1,
  "Carcinoma nodule": 0,
  "Signet-ring cell carcinoma": 0,
  "MLH1": 1,
  "MSH2": 1,
  "PMS2": 1,
  "MSH6": 1,
  "Family history": 0,
  "Colonic obstruction": 0,
  "Hypertension": 0,
  "Diabetes": 0,
  "Coronary artery disease": 0,
  "Hyperlipidemia": 0,
  "BRAF mutant": 0,
  "KRAS mutant": 0,
  "NRAS mutant": 0,
  "MSI-H": 0
}