{
  "Creatinine": 55.0999984741211,
  "Albumin": 39.7999992370605,
  "ALP": 45.0999984741211,
  "ALT": 20.3999996185303,
  "AST": 22.75,
  "Direct_bilirubin": 1.79999995231628,
  "GGT": 14.6099987030029,
  "Glucose": 7.15000009536743,
  "Potassium": 4.07999992370605,
  "LDH": 174.899993896484,
  "Sodium": 140,
  "Prealbumin": 330.899993896484,
  "RBP": 37.4000015258789,
  "Total_bile_acids": 3.20000004768372,
  "Total_bilirubin": 7.59999990463257,
  "Triglycerides": 1.85000002384186,
  "Total_protein": 66.3000030517578,
  "Uric_acid": 333.799987792969,
  "Urea": 6.23000001907349,
  "mAST": 4.80000019073486,
  "GLDH": 1.71000003814697,
  "A_G_ratio": 1.5,
  "Globulin": 26.5,
  "Chloride": 106.400001525879,
  "Total_cholesterol": 4.05999994277954,
  "Indirect_bilirubin": 5.80000019073486,
  "IL5": 2.19600009918213,
  "IL8": 2.8808000087738,
  "IFN_gamma": 3.10440015792847,
  "IL1_beta": 2.61479997634888,
  "IL6": 4.28999996185303,
  "IL17": 2.64260005950928,
  "Total_T_lymphocytes": 70.4720001220703,
  "CD4_T_cells": 43.5780029296875,
  "CD8_T_cells": 25.6719970703125,
  "Total_B_lymphocytes": 10.8660001754761,
  "NK_cells": 16.5060005187988,
  "CD29_pos_helper_T_cells": 25.7299995422363,
  "Early_activated_T_cells": 1.35599994659424,
  "Regulatory_T_cells": 5.14400005340576,
  "CD8_CD28_pos": 11.2160005569458,
  "CD8_CD25_over_CD8_percent": 0.385999977588654,
  "CD4_CD25_over_CD4_percent": 6.40599966049194,
  "CD4_count": 469.399993896484,
  "CD8_count": 314.399993896484,
  "CD19_count": 177.800003051758,
  "NK_count": 206.800003051758,
  "CD3_count": 1146.19995117187,
  "CD4_CD45RO_memory_percent_of_helper_T": 67.0900039672852,
  "CD8_CD45RO_memory_percent_of_cytotoxic_T": 51.7560005187988,
  "CD4_CD45RA_naive_percent_of_helper_T": 28.2640018463135,
  "CD8_CD45RA_naive_percent_of_cytotoxic_T": 43.4200019836426,
  "CD3_HLA_DR_pos": 6.38600015640259,
  "VitA": 0.641999959945679,
  "VitB1": 56.9379997253418,
  "VitB2": 240.957977294922,
  "VitB6": 17.6860008239746,
  "VitC": 35.5140037536621,
  "VitE": 11.0920000076294,
  "SCCA": 0.5,
  "CA724": 1.89999997615814,
  "NSE": 9.88000011444092,
  "CYFRA21_1": 3.29000020027161,
  "CA242": 6.48199939727783,
  "CA50": 10.0419998168945,
  "CA199": 15,
  "CEA": 1.55999994277954,
  "AFP": 6.14499998092651,
  "CA153": 3.90000009536743,
  "CA125": 25.9112491607666,
  "WBC": 5.55999994277954,
  "RBC": 4.1100001335144,
  "Neutrophil_percent": 50.0999984741211,
  "Hemoglobin": 119,
  "Lymphocyte_percent": 43.2999992370605,
  "Hematocrit": 35.5,
  "Monocyte_percent": 4,
  "MCV": 86.4000015258789,
  "Eosinophil_percent": 2.09999990463257,
  "MCH": 29,
  "Basophil_percent": 0.5,
  "Neutrophil_absolute": 2.77999997138977,
  "RDW_CV": 13.6000003814697,
  "Lymphocyte_absolute": 2.41000008583069,
  "Platelet_count": 183,
  "Monocyte_absolute": 0.219999998807907,
  "MPV": 9.39999961853027,
  "Eosinophil_absolute": 0.11999998986721,
  "Basophil_absolute": 0.0299999974668026,
  "Plateletcrit": 0.170000001788139,
  "PDW": 15.8999996185303,
  "MCHC": 336,
  "CRP": 0.400000005960464,
  "Iron": 9.8439998626709,
  "Age": 74,
  "BMI": 22.7614669799805,
  "Tumor_size": 2.5,
  "Tumor_volume": 4,
  "Ki67": 60,
  "Sex": "Female",
  "T_stage": 3,
  "N_stage": 0,
  "Differentiation_grade": 3,
  "Vascular_invasion": 0,
  "Perineural_invasion": 1,
  "Carcinoma_nodule": 0,
  "CDX2": 1,
  "MLH1": 1,
  "MSH2": 1,
  "PMS2": 1,
  "MSH6": 1,
  "Family_history": 0,
  "Colonic_obstruction": 0,
  "Hypertension": 1,
  "Diabetes": 1,
  "Coronary_artery_disease": 0,
  "Hyperlipidemia": 0,
  "Chemotherapy": 1,
  "BRAF_mutant": 0,
  "KRAS_mutant": 0,
  "NRAS_mutant": 0,
  "MSI": 0
}
