model,k,accuracy,kappa
NB,1,0.6216216216216216,0.0
NB,2,0.6216216216216216,0.040778709022438075
NB,19,0.6726726726726726,0.2592758934169959
NB,35,0.7027027027027026,0.3587548018049755
NB,52,0.7162162162162162,0.3952187574968229
NB,69,0.7222222222222223,0.4019011428116113
NB,85,0.7372372372372372,0.4348544084095994
NB,102,0.638138138138138,0.3041734544913851
NB,119,0.6621621621621622,0.3308639841529875
NB,135,0.6651651651651652,0.3384341360439745
NB,152,0.6651651651651652,0.3361232016533844
